packet_rate,packet_size_avg,failed_logins,port_scanned_count,arp_requests_rate,label
21.854305348131312,1429.2257440046396,2,4,1.2340153000983254,0
25.062473878411602,207.56397911465214,2,4,1.2421185223120967,0
36.86326600082205,93.55933380877232,1,3,1.8832501471299252,0
5.0350444628456446,1488.8157991421883,0,3,1.2621410049277337,0
5.317983734887283,97.11764235947302,2,2,0.8597358462589854,0
7.099954844612695,1462.3129250563354,2,2,0.8266777834076091,0
49.24538986130547,734.2715147040992,0,2,1.3925843233167814,0
25.272466338629435,83.04848422556833,0,3,1.1702476139065248,0
22.343742614296225,86.92753818822759,1,3,0.5579483854494223,0
35.74685834714562,939.9552005758436,2,2,1.8277087639496858,0
16.645099172000762,1015.3820003323181,1,1,1.178630622857984,0
6.409098160500136,1273.5209363184179,1,1,1.8001719658125328,0
31.905499046498832,1387.8114014931957,1,3,0.18593184893002235,0
19.639864884346895,622.1405879940961,1,4,1.2148272147613117,0
48.43648882688621,935.7011796780793,0,0,0.6629196608377566,0
12.437012257835113,86.45388008035448,0,0,0.4775597949149275,0
5.248495270562108,1235.002611261142,0,2,1.6013335270092908,0
32.26819886514551,1394.1680615451692,1,0,1.8384233835331836,0
43.251736000540966,709.4111680624601,0,4,1.4862517388423218,0
33.69008621098459,1338.037498339605,0,2,0.32722906728277323,0
37.09601542503478,1156.4873298138648,1,2,1.0931923758257887,0
24.239345826134734,100.50186600452069,0,2,0.15971545280479507,0
33.63846850687012,515.4151888256051,1,4,0.5736552353828623,0
23.46723153660334,1148.971434947818,0,2,1.4200913727754387,0
44.6210527556866,960.5724131201271,1,0,0.30043909367751415,0
25.54405567173096,377.68046784337304,1,2,0.7162555399100204,0
10.4939579615303,575.643695478536,1,0,0.617051273830807,0
34.14605542436131,64.74726136527352,0,0,0.6790843905002552,0
12.409513391432377,830.9524062231346,1,4,1.4156284624915136,0
17.123555020933466,414.5642499478037,2,0,0.8672887250102775,0
7.920151119904171,428.622534409719,1,1,1.45331412085644,0
11.663911847902995,1496.7553365302806,2,0,1.9555684160820406,0
23.49666559932041,111.46085244518748,0,0,0.5551675922672475,0
11.52026924410504,766.8541637585805,1,3,0.253621320032159,0
21.6344505227632,411.74167136638357,1,4,1.301381078127801,0
33.50883698424026,833.3724463313532,0,0,0.709482123446298,0
13.393332967993441,122.55310327264098,2,3,0.1315168749629267,0
28.044187623467643,389.2479331842389,2,3,1.8869942025302475,0
22.890740948938504,807.4909393574615,0,2,0.7480260669954911,0
10.106308455826507,1391.8600358480162,1,1,0.5900890926587956,0
34.69928207153806,1237.531079488946,0,3,1.1063360988764124,0
15.883353090520325,197.69557456927126,0,4,1.7770090520597455,0
13.491819875362072,464.45926232237315,2,2,1.7270161545683758,0
23.202865720498554,1338.8378618207382,2,0,0.40709455677976614,0
45.43493848371857,934.8321296711712,2,0,1.360653361305306,0
5.227771273079841,294.92036183552807,1,1,1.4146008756161172,0
34.338256677617025,386.05072838536387,0,3,0.5507732662439201,0
19.642986417167048,1135.9616577494826,2,2,1.3494644953706525,0
30.573887150096223,198.5169666011408,2,4,1.0248100906229647,0
45.774445447334934,687.7903088729755,0,0,1.1961173807900825,0
27.163296221848874,344.3689304779919,0,2,1.186807978497448,0
39.584930643783906,126.61501623936687,1,4,0.6311646494138413,0
44.75723100198165,1137.7241593166864,0,4,0.9135498818028972,0
48.49946685696513,1447.758287100167,0,3,0.6594528949322127,0
22.329397787086638,1286.2322602982065,2,1,1.1579223986708653,0
47.12696483723514,1063.498788025261,1,1,1.2685137307284224,0
49.552423254691846,265.16064587964854,2,1,1.7670088366631154,0
38.3345877989392,1064.9146040692049,2,4,0.663369272930817,0
23.890138540082443,431.9131710016418,0,3,1.0715505578357818,0
27.568233260923982,1210.351876996289,0,3,1.7845725830062538,0
6.242754734316712,895.2499899488542,2,2,0.9846362344516743,0
29.419008561840947,475.4732380562164,1,1,0.15795047488419392,0
6.6806684937146485,1245.2544051072693,1,2,0.3414149740385811,0
28.500946702466198,1169.7107422496051,0,3,1.6998438425227647,0
13.747101529769287,654.7042076613905,2,3,0.3522163022616427,0
48.62915902013715,1090.1585696024113,2,0,0.8577597127451095,0
24.508433191133392,1132.4452353467298,1,4,0.4502339812296031,0
8.639283497773896,679.0595860139947,0,0,0.42925920813460694,0
12.039666920198872,423.3488017643589,1,0,1.3543750157636893,0
17.59702536256743,1435.1865430323467,2,4,1.2622694178452694,0
23.882002809250547,419.7417009236621,2,4,0.32831283083072016,0
20.38458500223807,195.82345850810253,2,0,0.691685287843459,0
49.077973787967885,315.77426756109014,1,1,1.0340701627219815,0
26.306229685125455,312.7178851907818,1,4,0.8571589953550095,0
32.71325441234974,975.9944826459365,1,3,0.8117639677902952,0
33.16369620714064,786.503667321006,0,4,1.399531161856468,0
32.71330239754612,1419.4283441492473,1,0,1.7476779737545072,0
33.6381618850705,1214.163187163926,1,2,1.3222476150404712,0
25.62138007211825,847.5057094576825,0,3,0.833595011821471,0
48.25357537207614,1364.0835218489076,0,4,0.5077193274459109,0
21.976658745258913,119.9510579974955,1,2,0.7394530082885803,0
34.507518592133394,617.4295477065514,1,1,0.747186681982056,0
16.731253770615638,776.3097843653313,1,4,0.7618395484610749,0
47.149166833506825,120.27156510622802,0,4,1.9384030478884702,0
29.65873474616393,672.1042731544583,2,0,1.4901307350693165,0
10.746037824010951,423.0236210743263,2,4,0.5533340336016463,0
35.59301509551106,1126.5089800024298,2,0,0.8176848837349602,0
29.044736308875354,777.0618698208996,0,4,1.8014941341427808,0
22.51407554303734,79.56286752570844,0,2,0.2734446858936538,0
19.36911369156867,1428.288984684956,2,1,1.3004907031226187,0
25.18004848902439,485.05066815842065,0,3,1.3777850665463731,0
38.8568538246956,1200.7075067903186,0,4,1.868765300805856,0
48.841169384048456,1494.1572635555526,1,4,1.5003675579029168,0
29.5662096574245,1077.5740108498053,2,3,1.4072570193325742,0
42.66337434068182,1308.8234608263683,1,4,0.5228951933849579,0
22.849322087941335,1344.7639610034512,1,4,1.0753197205155465,0
15.495263259103751,898.7545791376594,0,0,1.772683940412992,0
15.650833715693544,1367.4481623165125,0,3,0.7654146687305957,0
36.86815380124399,755.6737947164696,1,2,0.5725758934175471,0
19.861363805859433,687.8728486851577,0,4,0.8698839648846924,0
30.716286134225477,1128.0384642677197,0,0,1.514002148192266,0
35.64677421936091,405.0592927759868,0,3,0.6428529639355354,0
44.086960768525714,385.083624113934,1,1,0.12309350191065105,0
48.64454720184376,125.97763356102729,0,4,1.9866331126266705,0
8.320845413092949,859.3347524002967,0,1,0.4158093206275806,0
14.756409796392106,486.89330766142126,0,4,1.4241576061412482,0
22.289082412064896,1122.4766135905757,2,3,1.9215345740749077,0
7.603875399096832,630.5333028012744,0,1,0.4574302034751465,0
25.8664282222992,571.4137994454118,1,3,0.2476958102334712,0
48.847766344977494,1480.1986290727098,1,0,0.6315506636209968,0
23.50430243924838,929.5947825854566,0,4,1.8307616505383006,0
42.0141759315426,1427.912675487203,0,0,0.8946617689521758,0
46.972781750930594,1307.6677453225864,0,4,0.15009725154477882,0
21.940851509512232,1227.954583002712,2,0,0.8158040428820874,0
38.73102349892324,628.3328487336418,2,2,1.1812547914149205,0
7.85803233155006,116.87620192528362,2,0,0.12597673317129485,0
8.391157715860803,1057.3018743345576,0,4,1.9936099904404203,0
29.994426752118237,1168.265928199213,0,1,1.7143300422870817,0
16.130664578443895,710.9813783052942,1,0,1.9126969517915726,0
32.2778585502896,392.33106870297246,0,1,0.7805091642623969,0
10.110091648983307,1028.37910887126,1,2,1.0883106521127874,0
43.34816751433431,856.5382204801613,0,2,0.8666174458035543,0
11.030685280278833,105.33192318595476,2,4,1.2785881475715828,0
36.68358956446506,369.81653592679584,1,3,1.962879177675518,0
32.36395322938483,978.2212458495977,2,2,0.27290397299752756,0
37.68786646926027,850.1328967071242,0,3,0.6661229579297059,0
28.562102420675505,1065.8137274646133,0,3,0.9727589350977276,0
42.894113675841936,1168.1658765289108,0,1,1.2795308004019734,0
20.63360337014364,364.31181598874633,2,2,0.24414032340646144,0
10.799587485979215,247.8738247433612,2,2,0.3637716280338793,0
33.83936351614466,325.17980119717197,0,2,1.7612034492233926,0
28.185622468889488,1461.3864615518698,0,1,0.5253132252220091,0
41.98057865800021,559.5386535529474,1,4,0.16042889482181374,0
29.69218891433339,831.4321513599031,1,1,0.3446219567693234,0
19.854478098956996,525.7928500805217,1,0,1.014176248706957,0
35.95031226932373,798.7394714538672,2,4,0.10493054632892847,0
44.07354981660141,185.36642302945927,2,4,1.9738882921469487,0
29.146579069429965,1390.923966078274,1,1,1.5439152769814126,0
28.906958928809033,1098.6610641581435,1,2,0.5796301942536394,0
37.10073136480486,1349.5170189188182,1,2,1.1110156220040999,0
9.822740510289922,706.4841587584808,2,2,0.5606939569059863,0
17.115945392722143,605.7800582182381,1,0,1.697348973168069,0
9.014194792042527,832.7418699262918,0,0,0.7515610421286945,0
26.328647364375026,573.9297795090816,0,4,1.0112059933330755,0
31.288976812137616,1122.0770746670948,2,0,1.1724712307930185,0
22.04476816780802,548.5736534400744,1,1,0.5642709953828435,0
27.421146403202307,538.3804191193924,0,0,0.11431528995474201,0
15.13997589706377,588.6523930519468,1,2,0.26698648662627333,0
41.26391990335146,143.9184107166166,0,2,1.096571640183484,0
23.467857214534767,1474.6956938807589,2,1,1.194396993830754,0
46.282802588848924,71.61080918696138,1,0,1.0324226805916905,0
37.53032434797991,1242.7570754482142,1,2,1.1860641099928098,0
17.59905921471279,1168.9918520636213,1,1,0.7149905491680629,0
24.144639737738753,792.9285037908774,0,3,0.3181899670044867,0
32.47790190987347,478.47347445300727,0,2,1.8708272502881749,0
19.428898647178144,916.8161280931427,1,1,0.9631091472162893,0
29.687140307216893,852.2519631205714,1,4,1.4006859409716834,0
8.954065005919556,263.3523746627412,0,0,0.3217225218691945,0
26.29247904733515,934.3623011961843,2,0,1.716382174031264,0
38.568853649692315,650.6322686559766,0,2,1.882846867959972,0
13.155487977454706,159.48863993869247,1,3,1.6994746758407169,0
11.289756948183028,1206.0038598308024,1,3,0.4109462914448385,0
12.391960906894681,1233.7292982522647,2,1,1.8249456478787804,0
19.228846203342258,908.8083864417014,1,2,1.2857929339454914,0
29.290147786158485,694.0373538576549,0,0,0.7751886584549521,0
22.616694959067587,827.7473408322178,0,2,1.131413690165477,0
24.41876644113992,541.9234685703275,2,1,0.3646169380604358,0
40.73113351716332,954.4244775133454,1,2,1.5983347013266085,0
11.825369587973803,511.63288935440727,0,2,1.5134979558880863,0
6.508959563110072,882.3615874752105,1,4,1.765854709847324,0
20.393678692215836,1243.3254895090104,2,3,0.9683004166351887,0
32.178104243263064,785.2860669561933,0,4,0.5355776509420188,0
37.501365577687984,1097.9724664801627,2,2,1.41850204448749,0
29.42259995064183,425.58344859038414,0,3,0.4450356619227087,0
45.88027526001328,901.750617284149,2,1,1.8998383452624492,0
11.900813140223608,905.8260387761209,1,1,1.261763047325831,0
5.814958271937823,1316.3699332438016,0,4,1.4437534051954575,0
11.86425693114176,891.5500851995437,1,0,0.9058482754745334,0
38.13999060311253,1405.7510332083052,1,2,0.9565948056678509,0
10.095712062833986,1478.2319617099124,1,3,0.336859094286207,0
46.437884717781756,1313.1711759212162,2,2,1.2234233279153657,0
22.955121674155862,142.637713348437,0,1,1.6254215523362217,0
5.208441035207128,542.904810548483,2,3,1.1210516455820536,0
46.39350273857422,561.3528479095203,1,2,1.501252371408522,0
25.349807340041323,386.5325257418141,2,2,0.5716302412385885,0
30.993437934119626,301.67712382657044,0,0,0.7885484083216029,0
31.126475762511955,971.9315174524456,1,4,1.078829996572944,0
48.89935920572403,723.1081867924307,1,3,1.1166324659739515,0
13.300829213848523,494.21972929666106,0,2,0.4988206268816129,0
45.41244302483212,358.5805237321623,0,0,0.16944436891138026,0
26.243012529949965,875.1118673651172,1,0,1.5735024717205202,0
25.397997563661242,817.0244267544049,0,1,1.044322702760373,0
39.441032647980826,211.88140431976908,0,2,0.8092877009315306,0
17.183510291459918,988.7833440912266,0,3,1.695598832967484,0
44.014719200518556,649.865735343917,0,2,0.5390421135173357,0
35.23517346194278,92.30433221526692,1,0,1.61984056220906,0
13.034509792445013,1001.3434108752921,2,1,1.6300984379800196,0
49.49279518799492,930.1914695261427,1,2,1.9290337052542619,0
47.4984376509773,266.5935348447967,1,1,0.12470365467039847,0
8.847883888451063,362.5246623896952,2,4,1.7652437441630582,0
55004.78945299773,1074.8666500588997,0,0,0.662285143938926,1
33510.61000048845,1248.8541279229394,0,0,0.1308052997384762,1
68145.81545956749,559.6959200495118,1,1,0.4264821051993509,1
70274.7613982305,379.2171140162567,1,1,0.8017828973092277,1
17996.654814427777,876.4552262719808,0,1,0.523958907424433,1
22747.49971751083,760.1417352278971,0,1,0.767518249805799,1
58919.20972126331,642.0618626052641,0,1,0.6805487509923965,1
39519.275418729725,253.94863917597445,0,0,0.722099671848689,1
57822.8699511837,1245.2304458091637,1,0,0.8335489855622114,1
44866.352745770404,160.46387427895968,0,0,0.5477184045819016,1
60414.18071426071,217.04705646477638,1,0,0.3373154223711548,1
28654.887535961756,1115.4170546672135,1,1,0.6697882570217027,1
44599.169509679,887.2507270656193,0,1,0.4639433513941219,1
63963.79639449893,670.043781514787,1,1,0.9627644595818985,1
22905.964447527425,193.7238753894449,0,1,0.16142473481868244,1
68595.52934921205,691.8097171690017,1,0,0.7493795750097151,1
52728.326690557034,1427.2045605749515,0,0,0.9586782428856697,1
19450.089419484488,758.6720966149447,1,1,0.5858585010173741,1
21340.971452410922,1272.4365922052223,0,1,0.9597126814511311,1
20827.049861826534,959.1055430995667,1,0,0.40994535883980987,1
34607.81127939532,656.7715386712963,0,0,0.6384574524413391,1
42177.70589327918,173.04037729077731,1,0,0.10210545156320044,1
77738.95717449606,71.54448344984074,1,0,0.3831369011284699,1
66520.11762717328,1445.573856357273,0,1,0.7215042092010765,1
46491.04671894986,188.50868423409565,1,1,0.7825531725511133,1
54726.45697339833,1153.9754741937884,0,1,0.6735084218105382,1
78640.37601259917,1361.2304349453318,1,0,0.7238576903112323,1
13611.7064661097,1026.0014790938562,1,1,0.6294373812729379,1
79954.74496960844,862.13825094379,1,1,0.38156937085502884,1
18436.580515052512,1113.7499922140923,0,1,0.20375381912255594,1
39523.38618113588,1206.110879309264,0,1,0.14939435318182745,1
41860.05795253093,814.2160512381986,0,0,0.6851506153989053,1
35528.807462011406,869.1324505890461,0,1,0.8964985208709529,1
47118.559284443014,697.3221842703601,0,1,0.6151849834901191,1
66278.38855806284,837.1445401868109,1,0,0.7640701902158725,1
46411.76769151123,676.9092933563852,1,1,0.4757554756251029,1
42335.99954029113,1486.130125958792,0,0,0.26692561861905023,1
36877.4722943808,1403.199109934663,0,0,0.10853689026564828,1
13687.868518406001,191.14833764115565,1,0,0.5318031941708543,1
50653.00450591294,454.14249045508984,0,1,0.18252940160028713,1
33545.93246798954,814.3375591871752,0,1,0.1030117258386813,1
42711.75365763568,490.49613058921085,1,1,0.7439979837108177,1
51237.59741296264,462.1534672205669,0,1,0.14059060949829089,1
17662.731907538062,626.3808818159513,1,1,0.9607741278034825,1
65859.25255003684,435.8990877002044,1,1,0.9840974635720735,1
71893.92846920522,926.7465690909964,1,0,0.990266418832023,1
62034.69760255369,157.32048401743583,1,1,0.8540431617549209,1
26139.84370635133,1256.802655489897,1,1,0.14225082143303172,1
36886.342804387474,116.74706214461716,1,0,0.8435851262145693,1
66053.87809909126,968.3610974224758,0,0,0.566434330008753,1
51809.18507012387,817.9452352353451,0,1,0.5637231318832533,1
44383.04386080386,1494.738174058456,0,1,0.517042673394058,1
53605.61680545831,1137.94362347644,0,0,0.9054292971050559,1
70208.87714925467,720.8724924030437,1,0,0.34566343737068345,1
43367.377983125785,127.724888833728,1,1,0.13188013157669057,1
33033.59557589097,1401.7625052260696,0,0,0.3532518645197741,1
27685.436577261957,71.29795277868529,0,0,0.1439052235058558,1
47282.176358053344,1445.6071526421836,1,0,0.9050319378712607,1
79403.27346015337,152.33844967954153,0,1,0.564471118399255,1
73455.96036112061,884.4140005965085,1,1,0.5894010171976594,1
70514.50162151438,1117.8946436175156,1,0,0.8813447236463923,1
27169.987257873418,289.9411873328273,1,0,0.4006079908707141,1
26708.302191071227,1399.6097433319846,1,0,0.7290916642356289,1
23245.507784950412,1330.0309226582228,0,1,0.5189230078929852,1
71535.00361596921,71.38846520377041,1,0,0.30576264537243114,1
73609.09164885574,65.60848008543722,1,1,0.7809722234064412,1
28108.183148853557,341.33879354735285,0,1,0.3937902188529637,1
49189.101861618066,230.35177833645,1,1,0.10816516418745248,1
67307.55943498891,248.4523591818228,0,1,0.11658494686439573,1
40256.85487247586,1270.41447793639,1,1,0.2615475910814501,1
62758.918383536344,1196.7268259663888,1,1,0.7937686976868908,1
76310.85217794366,302.9182148347431,1,1,0.7377148041423665,1
43150.17219045619,147.17378136243434,1,0,0.867173193278783,1
79310.38609254529,1034.8110413201794,1,1,0.6828162790617168,1
51607.71014599817,614.8672059424729,0,0,0.8393616526666968,1
36028.347046710725,1239.7761838607867,0,1,0.10092653186107006,1
21125.67982937296,736.8226024796871,1,0,0.1919742577243471,1
69794.68421230963,820.806602160234,0,0,0.3685369878909933,1
68796.30152707302,1173.7735121041312,1,1,0.21820161376844027,1
70763.8025772605,1447.2078343400294,1,1,0.7581430602763171,1
73666.71576634729,1295.169092244828,1,1,0.7840846705942874,1
40960.91336666372,511.9630583510073,1,1,0.7519804053527053,1
62208.590842167505,351.7157301359514,0,0,0.7434316361820229,1
49392.520044036784,741.1206127072082,0,1,0.24332116445133803,1
24259.087449339197,194.91220822329126,1,0,0.5083242711447544,1
47124.807560977926,89.64967759886662,0,1,0.3647511760091301,1
73828.52244719377,1453.3461745493848,1,1,0.5158875616890946,1
10086.228461649813,923.1979527158051,1,1,0.32278596004303767,1
49088.88708082386,387.8756445492041,1,0,0.6863675201220382,1
32814.78247664524,911.6190162397538,1,0,0.9859162666626136,1
20470.644986729603,731.1635847690234,1,1,0.45599057549197186,1
78228.98963094829,1100.6306337030787,0,0,0.781353340850101,1
76685.40466271019,1367.6275856859434,0,1,0.7742454751911547,1
20214.545182460184,211.60989285146792,1,1,0.116530873246486,1
43764.94670861141,366.0619967634953,0,1,0.7982242622136605,1
75886.62529626706,167.9897668021464,0,0,0.89428013723764,1
15775.59741082949,1248.0021713438534,1,1,0.38988523199740177,1
78422.64704203501,352.43365304225443,1,1,0.8392966552088797,1
12882.844669549017,1026.673518196936,1,0,0.21179797005525342,1
72735.49118795269,918.0992512732802,0,0,0.6516497573790453,1
30918.51204361197,1406.949806770024,1,1,0.662774194192553,1
64839.59081591303,943.2024677253429,0,0,0.6947381064693257,1
48710.10168143709,921.9753387394516,1,1,0.5328134483040864,1
12852.787426473093,299.50325470091803,1,0,0.7523439038866525,1
51529.50538171251,997.8224509142798,0,0,0.6541678197480185,1
33031.220647026355,739.182203112411,0,1,0.8846495010758091,1
40355.873376947224,126.69814046777067,1,1,0.1187750253623843,1
55728.41134661311,541.2038020099365,1,0,0.5439491621054197,1
15706.854268669867,643.0833145738225,0,0,0.4765598098008874,1
24250.479623956988,1270.8896554136766,0,1,0.9647024963382792,1
39113.51563028585,1279.2082393393548,0,1,0.7618152687991774,1
63740.672164674615,788.9572503983735,1,0,0.5625962810278525,1
51164.08646630555,106.21042410634448,1,1,0.6455698422050544,1
51840.64956791051,1202.684951853687,0,1,0.9929199847066051,1
29869.817002605152,579.7408786007084,0,0,0.5192315263182237,1
68519.86446468465,402.59744692542534,1,1,0.4647791647771691,1
52129.8768563406,972.3282057129755,1,1,0.5613536846852246,1
38912.182225338795,163.27468096398553,0,1,0.18765405329819695,1
38351.45593562251,915.4308221584388,0,0,0.6963591511074884,1
16668.30555682384,1000.4489805817088,0,0,0.45914135152339997,1
70059.03777458941,76.96766033003416,0,1,0.6388425820900968,1
37766.18434404934,404.37200280757077,0,0,0.8953387026946773,1
40941.70616480002,539.1571252524509,0,1,0.7024513613134252,1
20202.95977713262,709.3869873669273,1,0,0.9537250193662904,1
27676.944745279347,579.8840740077286,1,0,0.6449843418803946,1
34971.24371280012,830.1231247303629,0,0,0.7348470347009832,1
41245.80525588099,1305.0144311401066,1,1,0.5859152555519913,1
12393.143615741072,1480.891119792884,0,0,0.30801782118488197,1
13618.778606906886,983.0442603778081,0,1,0.2620093937254512,1
16198.890895626897,212.3516624300865,0,1,0.7193870792799358,1
37816.52919250807,753.1322091662172,0,0,0.11564181116693167,1
32619.145994919498,1461.3683662290175,0,0,0.32880212190774394,1
46521.10326453492,556.0504089416345,1,1,0.21316736062598396,1
19290.025767349416,270.1268318885682,1,1,0.7596090265072076,1
21366.732626362464,334.4692842874037,0,1,0.24054746031295654,1
26419.29053343801,1447.366051930093,0,1,0.6954691153340321,1
78504.19011803714,601.4901576127422,1,1,0.31973256138013684,1
68161.40339391938,1305.5782884314326,0,1,0.20179883716891572,1
65685.72601874822,1383.2213164826721,0,0,0.9467878207042584,1
67878.72185983142,1021.7710983989429,0,1,0.4137163005177734,1
21150.12116699636,932.7138329836166,0,0,0.8797948007748809,1
79533.58561510399,1144.4862671159622,0,0,0.3598170359775743,1
17637.67422360248,998.1347262289039,1,1,0.9331073477926406,1
40672.06424883913,1358.375432809006,0,0,0.38547614508885875,1
70823.04378783997,603.4653537021592,1,1,0.6841671929149538,1
32986.685951955675,968.979762600651,1,0,0.6070950346136129,1
36629.37929629584,851.6456002915206,0,0,0.591118199645926,1
41109.361692584105,85.06189391843483,0,0,0.2515999466284477,1
54980.317826303275,1154.4184548972355,0,0,0.5881272984817645,1
76603.49917661939,1280.5323309310165,1,0,0.8323896594876278,1
198.0265076620583,45.959674238807786,1,392,1.3057413281101915,2
529.0259275370432,55.77461295273401,0,425,3.7596910090655316,2
743.941816389347,60.84936529941338,0,506,2.2112242485363636,2
907.0428608561101,42.85121080220656,0,892,3.3079960990136064,2
442.06705804348474,47.8861650629151,0,569,1.0533357836079749,2
249.69844696882794,64.69407029651897,0,663,3.3834705695936145,2
936.6452896797903,61.2904085335616,1,243,0.5391690618592164,2
745.8722073177665,55.99620827216625,0,743,4.133552676418735,2
570.2329364645066,44.92890616688664,1,685,4.018927367577707,2
266.1266165833297,51.8111315688124,0,544,1.3571576401366827,2
966.6341877138218,59.34182586879699,0,921,2.796110056565683,2
139.07127956933726,65.32605502376089,0,240,3.047897918717023,2
837.2699734841112,75.36825853393631,0,125,1.1390197155503108,2
649.8828899658926,56.44113879226819,0,781,4.510113304650255,2
418.0792413724463,49.47482235897928,0,679,1.4465495741858672,2
840.3528866623105,56.94953014595051,1,956,0.5681230377898742,2
661.4733922089157,58.07070714948917,1,680,0.9232696179498308,2
763.1863704497639,74.51188310172914,0,760,0.5690013220487925,2
121.27472744170277,65.67886001773064,1,554,2.778817322298943,2
308.7523865043779,55.63623983622058,0,540,2.5341576084099304,2
989.0069681933986,45.45759010226932,0,757,2.0811619637110317,2
485.3796534330533,68.70391062632706,0,558,4.9571543691407225,2
215.5548605087127,44.164385975366656,1,201,2.934095893331405,2
346.74459990382525,43.176774759559464,1,840,4.4815352858541795,2
272.6805922468686,52.93486248462083,0,169,1.8394818985764931,2
162.48145847148402,60.76239163633082,1,616,0.4426648679762273,2
676.1514014453495,50.84589746000739,1,661,3.432646462406912,2
307.74627023861086,58.27434579521474,1,937,0.3564604913538908,2
440.62878113728215,54.51777087383968,0,453,2.287126520868447,2
400.2125945249804,63.21900026866699,1,647,4.812162106178585,2
671.4640410319298,70.19351279763391,0,307,2.106441479725499,2
480.4202020565706,72.87225775604347,1,756,1.57418023093095,2
983.1127369098735,58.99546174024874,1,336,0.6871621098864671,2
976.748165765214,40.80105423703298,1,971,3.8661390434636917,2
319.29104445748,66.86233774452148,1,505,0.5367097173684815,2
779.7433784471272,45.10853934540939,1,559,3.9319376295848913,2
737.8702279686788,41.44641522099049,0,762,1.3892515925631301,2
424.1227667243672,43.505709870553545,0,860,2.813630979490644,2
374.97187959222117,55.879260682971335,0,765,3.042912233467025,2
564.111484926848,76.7756789285767,0,242,4.961574272634232,2
866.2824619705862,48.34042057429343,0,660,0.6701953496388329,2
835.7047376420725,55.2249317390632,1,769,3.634968129910786,2
227.1502443479552,48.47929963608954,1,172,1.6803870914474346,2
120.60444247850822,46.15164598672124,0,565,4.790882150683477,2
615.7372860377644,77.3092296190502,1,892,2.448836756675474,2
382.35492207468644,64.25483777733503,0,209,4.5014819737342595,2
846.3991646271553,52.70125791506948,0,124,3.364903740591695,2
209.58572001274732,59.129360921922895,1,636,1.2395016559903627,2
171.96885492337174,71.06894521886771,1,707,3.0120246777526964,2
942.8042564952945,75.0442077039217,0,927,4.2720983240012,2
100.29925550844047,40.70751238453029,1,159,1.8875112738081947,2
447.8147570432324,62.5776436271553,1,877,1.1376012182608441,2
536.1414283169781,70.17014177375452,0,155,1.5570397363605109,2
487.3034597580291,46.82659034199994,0,428,3.9352105996463314,2
338.84866826937514,47.11065551404993,1,863,3.1284532040072115,2
669.8706634121177,49.15578419386455,0,458,1.1819328859496319,2
256.37733609606505,66.22894690246625,1,330,3.6491556014156403,2
812.8842703844889,56.19193716340799,1,582,1.9020208192987194,2
472.71677727603435,73.10151582267497,0,697,4.82272914986352,2
323.72223194344787,45.35214945117955,0,345,3.9726549057147262,2
623.933406801975,67.23899308952979,1,522,3.132846145737836,2
391.1503554203264,73.3721346381907,0,312,1.07439576109895,2
158.15501185967753,41.70532837148131,0,596,2.7850014959710956,2
508.9396011039648,73.77428330958463,0,728,2.4923815714067135,2
235.04379822458583,52.9870370756024,1,693,2.432488833906956,2
438.2994566311924,55.779051142801414,1,653,3.946581064801579,2
902.876220046211,78.21338746015712,0,219,1.6454937891652626,2
719.321235477888,57.50412496221568,0,196,4.220270739187021,2
134.5837140660925,76.07047968541694,0,383,3.2222872363605743,2
693.4185299852045,75.80470962826146,1,178,4.458015489031337,2
505.5576910567821,75.29837761824399,0,515,4.9425488279006435,2
498.94577869925644,41.91323281576422,1,604,3.7564155616610093,2
693.1319807833127,72.0852223251035,0,763,0.2742972484741869,2
557.7213605028206,55.503809259310785,0,465,4.958783203464343,2
973.6749619036032,77.69261558692772,0,639,1.8387226652587632,2
470.91783723649445,61.98464174875698,1,451,0.43669287933951206,2
481.8671972963993,43.304706538370745,1,319,4.504614037630553,2
804.2364321075441,49.1136967017244,0,562,1.1078675847582202,2
209.24777634346577,64.60051872155466,1,716,3.255130842351541,2
577.2719199242424,41.67804893726545,1,877,4.0136995391074155,2
363.53983303086824,79.19881317435403,1,880,2.9538710252155083,2
773.2658614865788,72.4707915236055,1,325,0.7276691571943802,2
404.44075539504854,77.12334561304199,0,764,1.9423651607124262,2
595.0827464123404,55.546111945193886,1,889,1.441577406819122,2
935.4857795637192,67.03929102345421,0,785,0.16230296093577826,2
993.1738604405232,66.85819739578574,1,730,4.408416433989407,2
332.5884582626363,61.760663167310064,0,496,1.1832105201232697,2
980.5575509205363,69.9276762391599,1,746,0.9849135310589744,2
148.4723862982235,52.80239330083934,1,334,1.419723361679923,2
585.6005984459546,69.11788706922972,1,640,3.45796027896778,2
182.68379893904023,78.60518968507986,0,506,4.21944483725488,2
759.5213902896255,61.68948821967393,0,452,2.590966679889772,2
367.7936061869385,62.600879714360644,0,129,4.379282287717958,2
672.6622185813233,70.44486148172632,0,235,2.3616316246569706,2
108.39845784438397,49.86715458086492,0,614,4.959868761611881,2
189.26028962849432,56.059772634451534,1,965,1.0997746096816043,2
599.5764543720577,69.32285184118699,0,830,1.0213211996155391,2
419.8461118171655,71.35167137941589,1,697,4.255434176540782,2
855.9675822539643,73.30721877388173,1,113,3.772772873897553,2
782.8087510999044,67.13515291420568,1,854,4.225654820333872,2
523.2871486916071,60.08200853953788,1,231,1.9883418269320732,2
679.0286619206059,71.21599104589097,1,326,0.7753322058802535,2
696.737804050443,40.07519534099642,0,504,0.24244976368537333,2
250.19660606938382,47.25277119702021,0,119,2.071402910964124,2
886.836223549214,60.40438849995301,0,827,0.6102730538094084,2
302.8948799173245,68.11773763914707,1,865,2.4843285449943906,2
639.4320690966405,64.08582576209923,1,159,1.6783292207230092,2
672.8415859442387,45.95998944596974,1,208,3.7550335231870053,2
983.7722714015307,48.39367979425638,1,803,2.649453226901405,2
436.1163365297561,44.895070293007116,0,282,1.2557022358040668,2
434.2798016857412,42.50168907589474,1,862,3.856283767461053,2
760.2542470380812,51.97774041967547,0,500,3.224010995904126,2
546.5497457018976,47.13009867618566,0,809,4.956519515924388,2
772.4976289678339,69.59945546742446,1,499,1.0943882011170207,2
608.9949684292964,79.18586860135534,0,718,0.21853964306764073,2
848.5273393081961,50.9228323989125,0,976,3.9346515052715563,2
150.522493074589,74.10912079502845,1,680,4.225474477279862,2
267.4912760616496,72.10573239182841,1,803,2.466547473218241,2
220.1319751743494,43.22406055028499,0,394,2.532659646540969,2
493.1656323536616,69.18032914609587,1,908,0.8786500215798325,2
649.2026345298772,45.41416329110742,0,695,3.319080265708984,2
960.9531589751122,42.75832065425685,1,717,1.4827166659966808,2
335.53511536231537,49.879151962879995,1,369,1.32277637926258,2
344.7547535157679,70.37593049671855,1,828,3.9058817290803884,2
158.82954180794673,59.50284774693537,1,718,0.4070006969312372,2
915.7937080099698,45.56981484470381,1,789,2.1143684527434625,2
412.6089936329584,75.9933338274909,1,771,3.3525694622603868,2
967.0549907921953,62.40672733847368,0,525,4.156555039078647,2
808.9417139749378,64.97701785886912,0,413,4.899799117870609,2
230.46856514183534,69.00622910204459,0,404,2.3732691847728478,2
974.8047966683833,64.34109090785867,0,544,0.6590693459508735,2
236.1221458614411,49.0126771980494,1,426,3.450395117327509,2
590.5949754346298,79.22067288004425,0,453,2.0794915940000864,2
588.2912230558807,71.66799953813407,0,628,3.1032107882235516,2
303.5323464309467,73.8767491235424,1,952,0.7907021748566695,2
697.7691230548756,48.643618127412296,1,197,4.323735851180934,2
514.1460380395956,69.97134850783105,1,443,3.9561536610965655,2
200.74233431937728,54.23893495179411,0,803,3.9905496102032303,2
547.5303372832193,53.591098862475405,0,631,2.769754019514127,2
782.5825160822,70.16430721264656,0,475,0.718643535683806,2
693.666429755268,46.46479245143486,1,480,2.311072786486842,2
986.4906905267876,70.88049905239961,0,165,0.4195024971764111,2
517.5382391310995,76.3688082344624,0,653,2.5392812893680223,2
194.9263299609675,66.27120418897177,0,478,1.9640580367870557,2
798.0506658327947,78.57906615603247,1,367,2.664315192854233,2
358.424162276118,71.71417676135357,1,584,3.2094538459964888,2
818.1227436543047,55.8388189064982,1,337,2.7118414495060863,2
242.15934055181322,67.8359647267521,1,485,1.6521322176308808,2
871.4613312988777,76.24573019063065,1,974,4.919255216304588,2
226.64037524388257,48.0806267360996,1,619,4.480549579038565,2
137.77265941849313,45.34629423089,1,1,1269.0662476326238,3
35.023535298088994,61.41316010496145,1,2,1059.8928697956126,3
194.0827907466507,51.190741544052194,0,0,1369.0479977268915,3
134.24082918570946,45.65100769650727,1,1,912.2304070491688,3
49.20201304084628,42.2773654394667,0,2,1102.0592820330849,3
149.48365202644854,61.58567716639165,1,1,1489.8433316466885,3
53.7341499375648,60.87989516945761,1,1,1127.5081344725343,3
147.84370375219606,48.91570249004246,0,1,1661.1101056498962,3
102.6677354911785,49.87156183715972,1,1,1673.6735796307148,3
80.3374485267571,45.822755048986366,0,1,291.2112091947133,3
63.17734029607005,45.12338377474187,0,2,955.6668599202841,3
154.78874065339517,56.32524686739683,1,1,1502.3313343431826,3
165.11525858068234,60.56222118094793,0,2,159.1196398429796,3
153.07305232965916,44.33956197762704,0,2,432.27473063432285,3
174.03270660304153,46.99795025451733,1,2,630.6245680633798,3
135.7187438105674,57.27131261721628,0,2,680.0902857237894,3
58.2759877467973,42.73016580037338,0,0,1341.0093020094378,3
188.8948673207269,61.16649860978714,0,0,1598.0499521812676,3
139.69728262567915,47.72631086645207,0,1,1374.3913926210846,3
120.87931357647919,44.44176832269658,1,1,974.68071528366,3
175.6214497140806,54.02626084413134,0,2,1955.9206241702527,3
39.92970679873682,51.29606542286278,0,1,1844.3454491783862,3
70.4067193190881,60.88351688958066,0,1,1830.4633071234389,3
155.7131426474211,59.70794909051165,1,0,1929.3396784406493,3
150.80077857265817,48.704524098494936,0,0,634.890276988367,3
177.09569112190303,44.476768589062615,1,0,1127.3271056253295,3
37.37620463517935,47.321664221694455,1,0,990.6591343825611,3
74.22774693680006,55.16386465455069,0,0,669.8463118632709,3
153.7747757716886,43.05914239152378,1,1,1368.8288981301723,3
126.77988261932917,61.630654959072345,0,2,250.04140816257436,3
63.11183058371686,59.480722131404185,1,2,608.7756834278349,3
162.04895238597166,54.613685603974794,0,0,579.3837746948725,3
59.64055424791672,52.74424183762465,0,0,1097.9555392883044,3
25.87622195822035,61.10813313904635,1,0,147.76972072681818,3
145.00108210352758,43.8085554016592,1,1,1570.3713458872971,3
128.34621758272368,61.63551237900661,0,1,1253.4701995656326,3
133.63535955655797,55.01733757073916,0,2,551.1235899121319,3
112.22547995824232,44.29294566178365,1,0,1944.4557923020875,3
67.28161566775731,47.974512824522876,0,2,1969.296594425332,3
68.41261024876479,50.953382011953806,1,0,105.54996198058781,3
27.15787369794252,55.289576895566825,0,2,625.947184803481,3
194.8758843621891,49.28963415626712,0,2,472.58565420294656,3
129.9404127936383,48.175030741351435,1,0,1081.4879940473602,3
20.991043848875748,42.168608718282954,1,2,1703.4567639622755,3
71.28344387557294,52.182743010348716,0,0,515.1686852728476,3
91.42343247553697,42.9765309877588,0,0,1651.6961333563643,3
71.22121431732155,60.00054671246144,0,2,1771.739086986204,3
123.46031976759474,42.652700907424276,1,2,185.22177924478046,3
101.10746341696412,62.447387278408506,0,0,840.7574705889338,3
151.3748555927261,61.409688234086644,0,0,590.5291829632215,3
141.4294135249189,48.52800810428998,1,2,1912.662942411577,3
149.8508211991319,60.98337106407307,1,2,1463.3870369900294,3
169.32576023574507,42.89229222598299,1,1,587.7190337890871,3
139.75257835604992,59.607807338514945,1,1,275.34110493918877,3
127.33787339486629,54.09084044788716,0,0,868.0554863239975,3
77.79459747566902,58.49671681760226,1,2,1327.5827325096197,3
136.36101622242927,61.53685941592259,0,1,1054.091858927775,3
44.99683875137306,44.546227346931516,0,2,1475.5488053855781,3
41.70051495266425,61.853972760288514,1,2,1114.5381978407513,3
45.58468228282238,42.25754543607989,1,2,952.8208361819457,3
35.190628498017624,50.7861124646832,0,0,1635.2429968224506,3
58.88924570210369,52.26537126333875,1,0,228.0306540924928,3
89.73066542035868,60.74050721122685,1,2,247.46782498973764,3
117.65618633580526,60.9583348882025,1,1,830.0552782610246,3
101.02220501274779,54.743859784051594,0,2,287.85987351720723,3
180.13736594316194,42.270813466353665,0,0,152.09858894804955,3
90.73536056215242,53.56787717521313,1,0,1326.9069691816633,3
28.06012109084028,58.76195004291314,0,2,148.35074382092665,3
136.24802953156717,56.011850984004354,0,2,236.2525888105369,3
93.73320108114176,48.84678489139466,1,0,1109.0621552819614,3
171.5102051140417,54.76487341327065,1,0,299.99245187432354,3
50.124751964953035,63.38455564292501,1,2,1110.6341423961003,3
44.442028471508685,44.18464846058124,1,1,1858.710927048138,3
94.54704037908083,50.69955389584412,1,2,379.4175160765179,3
107.81321549463316,44.86105121524505,1,0,803.7542739230823,3
87.46464220072335,52.42814142662943,1,1,1670.7439835088262,3
197.12236937788356,48.344919632012406,0,1,840.0156003145987,3
89.39214285264602,49.488516293599126,1,0,392.8755820391255,3
119.66806736444201,53.91750587302009,1,0,1683.9349276814125,3
99.27944305623633,48.65133148573286,1,0,469.78528973925665,3
30.37656479582448,49.533855534363695,1,0,1936.193033146174,3
120.3875887250079,49.64009485867116,1,2,364.47373255682146,3
99.92787485639653,55.77715507126341,0,2,1586.5378259741658,3
152.22402616185437,48.61076648320951,1,0,1605.7906447295463,3
103.06019213971628,58.07799663165979,1,0,1003.5374712249707,3
117.74442511237937,47.01049419427061,1,2,1827.96376078076,3
149.98578238206306,53.734505832837975,1,1,348.23945326457954,3
162.2917629694793,44.74605790727066,0,0,1766.472103934559,3
189.92757688857162,45.27351132691254,0,1,1963.8760185091016,3
107.01333847516639,60.99804549531999,0,2,813.1268250472435,3
71.44103999465663,46.47090800389392,1,2,834.426962963753,3
112.0295831961352,52.83116056002601,1,0,1744.5965766866493,3
196.53308184501728,50.96685258862397,0,2,1552.6028098439635,3
123.23521126200319,63.03303715946252,1,2,307.6019995882807,3
173.71315405197598,51.661295965942465,0,0,1796.8713898712883,3
31.24236685143286,61.436224785693334,0,0,1069.8217291080412,3
132.78665199677783,62.38041734806191,1,1,1006.0025898038525,3
143.78996763750092,57.899553069361026,1,1,355.4267458754315,3
73.89120590690263,49.89174155917429,1,0,629.6437575876507,3
57.92689349609657,63.063856418838114,0,2,1995.8596257957586,3
141.8278337943312,60.226324587880576,0,1,127.19902756741396,3
152.81651334107542,60.351181134014865,0,2,371.41554587159334,3
155.61702600625443,58.916301206368104,1,0,1555.6202723116137,3
172.2658591419918,55.49929051322408,1,2,1026.4928383677006,3
33.97688024088891,50.96594668271348,1,2,225.418703866459,3
82.78769611450628,44.44195817340893,1,0,1900.6072493324946,3
33.01696554642895,63.012534560417436,0,1,669.1747881123604,3
33.83517354970943,53.013733897549194,1,1,195.42942178155016,3
33.122330366222634,50.86321221791802,0,2,541.5302138064909,3
70.58080980356846,59.67662035253146,1,1,605.7192237795211,3
23.96484582028706,54.83166483403454,0,0,1143.0628539391193,3
59.46931314629763,42.7407219207052,0,0,890.6307133350754,3
156.73005716596336,46.13254275583103,0,2,1747.173589868579,3
101.71043265950428,60.07150381613705,1,1,559.6701925995062,3
148.51147385118617,60.09576547645233,1,2,1149.7518380749893,3
113.63058061593522,45.143271149467054,0,1,862.7466987350679,3
48.55234601474803,61.403827733875985,1,1,1471.2709501626407,3
68.87846853402363,50.85382602354072,0,2,459.17509698231027,3
160.9429947170119,57.730851814715045,1,1,1801.8807792597283,3
124.98797320634817,52.27329599919943,1,0,1886.8521608987278,3
34.888783074383625,62.479522185337785,0,0,346.86685661783247,3
121.69718438154564,61.06405559847991,1,1,1794.557075140396,3
98.08713552377532,62.018749164796624,1,2,269.65009659858856,3
143.6634679705837,52.86390889005243,0,2,1704.072534571055,3
141.65259436358056,45.060548675603926,0,0,1763.4713304499708,3
52.90530259824208,48.12566698150956,0,0,1384.6056396873812,3
189.91681496537774,47.91729669509849,1,2,1305.2455054512882,3
199.90392467881352,44.30577742994659,1,2,1050.7621768493823,3
97.89124448354684,52.06939131350447,1,1,1564.4831747013716,3
20.518625299810626,60.89704707925385,0,1,1148.931792841418,3
94.84355012374103,57.83238396543167,0,0,1752.5500356952505,3
151.48934497258224,56.249689763384275,1,0,1532.6437663639263,3
26.4689614858796,50.68415578458622,1,2,338.8761110852298,3
152.67737907776922,63.441019849377255,1,0,1396.1683731905598,3
104.26774543418547,54.74185561824389,0,2,798.7933767366906,3
30.45655137446296,44.45326867106808,1,0,608.4260857831458,3
170.386440633595,42.32325455040898,0,1,740.956538861276,3
23.478973565168186,44.736104778011224,1,2,1036.4427104501488,3
92.77215450587644,53.68062892506606,1,0,981.7808029616574,3
193.4298633597659,53.418710162850076,1,0,692.5413300420781,3
159.31844806749726,59.004272601274536,1,1,1728.5461637269364,3
123.56397258528008,43.68046878981203,0,1,798.6939365297088,3
52.71305432770334,51.5811677603882,1,0,749.4270404351469,3
153.02478040183257,46.91179448111432,0,1,1184.2342853737762,3
122.25665222081611,56.58616161511907,0,2,1770.5847182081309,3
141.60441655104677,54.03319153017054,1,0,1251.6784733736115,3
72.40596460133222,46.55608819988457,0,2,1449.257320416325,3
188.72811886957774,55.272419725728746,0,2,213.4613290446897,3
140.89561067828538,54.80859271490108,1,0,554.4016777862618,3
115.53272395163046,56.3210613725976,0,2,1166.4577316019652,3
79.92352092945029,322.98872571608985,139,2,0.3675256028960846,4
66.0172277409397,668.7931134483831,350,2,0.37922914821759834,4
83.00113929401238,581.572824298237,461,2,0.5938194605613824,4
41.06729876447895,750.4915058791942,265,1,0.9929777095000795,4
90.11270236564131,624.6328101605166,291,1,0.37987578413004364,4
10.705743169472514,578.553074137498,508,1,0.8897201547032207,4
37.17250300697516,656.6529836143253,171,0,1.92838938567679,4
65.88177311959373,757.1961722089297,495,1,1.1390333178527399,4
26.22771418805003,475.158766108304,52,1,1.7415270033965193,4
53.32000388820984,738.604803606774,210,0,1.96426580541182,4
81.38285865970656,712.2709530228002,541,1,0.30689729656397424,4
67.28847820780189,498.9416002995638,139,1,1.182125581177497,4
33.35876048584813,462.1975313993725,68,2,0.23885496785132848,4
66.01089381555215,788.7067020573767,309,2,1.4910329530016162,4
41.95369508067624,618.9866943365437,294,1,1.9374000947094663,4
45.3514398228409,712.5331438045208,527,2,0.5408756749121013,4
51.24111853535504,668.8093043686438,142,1,1.2458221817239814,4
85.18670477579133,670.6525148020505,561,1,1.6290309317804201,4
14.145106077096074,684.8475694134979,371,2,1.484836740312899,4
18.585934958188957,457.2212125918602,398,2,1.7998213153975056,4
10.03985032934871,740.829857985161,487,2,1.8471089468464945,4
99.39295138806676,226.9467793973695,376,0,1.307342926753093,4
18.164953201143796,219.5707690049399,408,2,0.6235410845170184,4
65.98356061338944,795.4653736248674,140,1,1.3475990400449647,4
31.635902160415622,314.95576744089544,453,2,1.06132002469637,4
29.876750466670803,223.35797799540046,242,0,0.38153806363689635,4
71.15949344205175,334.93413008954747,305,2,1.1703168198627887,4
48.47516481953005,395.8030585591923,452,0,0.7707957440405745,4
90.46848722799257,767.8739078902432,454,1,1.582694455713075,4
52.87021599709889,498.5239112876613,158,0,0.5850872453574701,4
36.61252066374438,556.2814884857694,543,0,0.7922730530136407,4
36.5717622240678,727.6979424368758,416,2,1.6880692630299805,4
39.89719298040441,616.1708344842771,585,1,1.6670969269277949,4
56.40934652708081,477.9761919636781,230,2,1.8689189446820695,4
45.264156695515,528.0203123340609,558,0,0.21652881572223698,4
42.59586293188555,633.8769643295325,440,2,0.6779775673089335,4
37.35482610295246,338.24999727040995,391,2,0.463125548042405,4
37.90760845084796,639.0348419385277,469,2,0.8902934187055245,4
78.31620453325381,565.7786069941412,591,1,1.6542508233635167,4
32.75322454802805,362.86314658052015,234,1,0.7402329788631673,4
99.95895268471848,443.4507011690366,577,1,0.8470708819530522,4
63.1574050595174,596.6085525483923,251,2,0.6111373289167898,4
56.58366711839698,361.308045471706,529,1,1.0155482106217715,4
42.55392293736226,769.5251761223074,160,0,0.3468886073090883,4
60.408252769905594,668.4391119205407,240,0,0.4269695356609928,4
97.5177999136093,469.2881874479636,243,2,1.4572206078964953,4
51.55445294318072,752.5967126579455,456,1,1.4850640171460512,4
87.55218134086107,364.44295360531464,526,0,0.7561497092652868,4
40.20494088428585,787.1152810334844,564,0,1.4322227370214935,4
75.4351085453851,537.2436766415426,232,0,0.692769638620195,4
53.42503782118246,504.00358938964746,177,1,0.13051754346391167,4
80.39541367821215,274.6296987447946,127,1,1.2702326397857704,4
85.89502818427621,258.50859538453847,364,0,1.6525434698296118,4
59.17872844700626,780.2211651536877,388,0,1.0591116367786035,4
74.6608552590295,717.5842826895074,574,1,1.150143443865236,4
45.68983137909669,279.0290171474561,507,0,0.3988190955414591,4
37.880907328818935,374.0273191774621,425,1,1.3781356889969063,4
81.7013257472235,350.2807392754994,424,2,1.7162924951492078,4
98.37151282688852,576.7960295624589,549,0,1.1428314636469763,4
35.88694561393104,384.0659597132847,332,0,1.8764894204936542,4
48.748618855647095,726.7906981909009,118,1,0.5695499538566446,4
42.026928333329025,250.35172149285765,538,2,1.3873277964567148,4
16.489998363649168,323.2408450868176,501,0,1.3192953548672606,4
70.43312338004861,579.3692921825839,575,2,0.8948343417943322,4
77.58458185269865,260.8237385318955,78,1,1.8884176516595181,4
92.32580034608533,206.8883958496267,251,0,0.295930588575344,4
59.300622494498754,787.3745042246625,131,1,1.2061481371759206,4
28.399651655459216,511.82255773669056,436,1,1.0819008843435005,4
76.61452318853168,578.420282695271,215,1,0.3734896357872386,4
63.582369513274365,303.2663616936666,544,1,0.22983479920664798,4
48.733727472171395,617.4784865932669,452,2,1.3321591582255075,4
34.066182507178716,209.06641052868503,183,2,1.1709539449546482,4
50.56178274450218,603.233623251352,375,0,1.0989368171623561,4
32.45719301544238,201.21111064894035,501,0,0.3224254787059204,4
50.41762705098521,567.3548904571068,364,1,1.8842084823376555,4
10.6013916301499,663.3806090992057,463,0,0.19592899438357506,4
66.47379146058515,431.36810771938883,56,0,1.1297811422905553,4
94.56863601641574,332.2902160839825,122,0,1.2727731396125788,4
76.54674068481806,328.80071838352205,215,0,1.0462767468080512,4
76.85424774156846,396.2267864910907,556,0,1.837642461312262,4
49.061887543788295,355.22698529326453,428,0,0.9329314620584465,4
99.66360578723891,337.50317072849725,92,0,1.3742834982264185,4
73.07808722752887,322.4147994431472,88,0,1.6549021763145408,4
14.5016719139001,746.9127759951899,415,0,0.24657582022520555,4
92.00514566620711,412.9164984476887,363,0,1.3784561703363516,4
17.303426068261523,770.8944261060723,387,1,0.8282400553201825,4
54.41508929389674,369.9828574549584,553,1,0.8551514981082741,4
56.22499418898921,352.01430203579685,543,1,0.9122417356778424,4
28.55956645757259,679.8312583789167,344,0,1.743867360055841,4
92.37314664260407,715.8943012347655,236,0,0.8815449863483733,4
88.63506281640026,582.7725576108433,469,1,1.3337124166960752,4
94.2652559322034,238.40380796517255,112,1,1.5916856567818445,4
63.896086007149506,320.65923646560043,263,2,0.20673454696013413,4
54.19861564448486,756.2663773150564,256,0,1.5524373833434582,4
46.87039480383934,593.1042287146029,434,1,0.4030352988285807,4
24.44163528441038,242.2951673858868,70,1,1.7752121625026653,4
83.27131170320456,611.0805859246905,118,0,0.688633063112691,4
32.496125175785906,509.0033958258339,584,0,0.7780833528251093,4
41.84102428627924,697.1333587436488,202,0,0.6848120801934167,4
92.24095994859334,771.6890102015036,597,1,0.7734074027068042,4
55.5070738079763,764.6724875202041,146,0,0.2948791289088206,4
45.345766894427456,532.0227138498631,596,2,0.4683398290800961,4
87.29350940513392,606.1644697981023,514,2,0.9775026144227096,4
47.306445833511304,207.95062010234633,506,0,0.9724595440918674,4
46.99842479923958,633.1575365094077,421,2,1.0298152530442735,4
48.6647732919127,644.3756893366224,499,0,1.4915619932109203,4
56.34400149219335,296.8176806332302,338,1,0.13634503623084532,4
24.917335926869864,734.513320989888,164,1,1.0865266844823898,4
64.69774147860873,347.21138849972664,296,2,0.8429624513420574,4
31.078303383370073,331.73235393788116,461,2,1.1580690420269821,4
47.41975931709897,457.36660005808653,68,2,1.4232166333686038,4
73.19314865636466,303.01634462326973,403,2,1.1387019846886488,4
61.78684485575335,213.28488528357767,288,0,1.423591815313041,4
54.613337520870196,759.876340644985,344,1,1.0733410387626217,4
20.28571929981815,658.8805834755664,500,2,1.5686747704806148,4
95.62978258531129,665.8935815906109,578,2,0.23118722199773947,4
52.682951887925825,536.40697696337,465,1,0.5812175286931587,4
10.898089899260444,634.0661974129472,142,0,1.7609242960983493,4
28.30928276224821,276.4318496002036,248,1,1.0700674112777424,4
83.8538881908928,442.74119384241044,188,0,0.8785045492415842,4
68.2996809655308,209.3049983759553,433,1,0.2272498628480159,4
88.96154078195548,433.64296338732515,234,2,0.22647298303702343,4
68.3486206706886,244.46325354492024,382,0,1.9795137325197252,4
30.839359236854392,765.5275638061431,372,2,0.23300667305282496,4
75.63112686222787,565.0453615280106,556,2,1.3477860209710553,4
73.78890897062388,205.01820912611427,284,1,1.3572001479597273,4
53.559043136177245,203.18808540100756,173,1,1.568338189251641,4
59.357724669420634,239.87799546576326,185,0,1.2090558166895915,4
80.37639794421632,651.0481954375043,529,1,1.5411535737411424,4
11.316543298990814,324.345379861327,93,0,0.8345783280042849,4
69.62355522474473,408.1775958407351,491,0,0.590638937365704,4
64.48705817568285,459.89786678909985,539,0,1.1291281946118437,4
78.24405628504532,384.142707916742,494,0,1.4542775848119789,4
44.75907935353276,553.1029610953933,89,0,0.508334010369152,4
48.23657585812782,744.7031083301205,349,2,0.45704872354911374,4
16.927450244278667,617.6936870827551,445,2,1.6614787985121826,4
69.35596917766932,677.7448703248211,433,1,1.4154819526760105,4
33.76557862243469,763.441087670175,271,0,0.7165724203331499,4
34.25606760630454,314.5559510429861,427,1,0.5155596646960618,4
63.57729393347402,358.7810161552144,486,2,1.6611310726273654,4
51.53706348297461,789.9833940910804,389,1,1.4280027741260326,4
43.15124924149162,459.4077358420084,583,1,0.8889578474346768,4
89.96176989306286,694.5961351275615,169,1,1.3670100434807504,4
39.07246111786844,738.7515121745995,553,2,1.811825701811889,4
99.6541906148901,695.2493984743688,307,2,1.644155877796818,4
73.61540702024871,780.3581525158194,76,2,1.8737850585695313,4
82.12131926864276,604.5553052038995,500,0,0.9850689311239369,4
61.404606876012494,382.4181634687998,508,2,1.713440110453238,4
46.54106215354996,208.21913024534874,557,0,0.5408345425867404,4
11.294330146487653,658.6120318618564,163,0,1.548374986551824,4
5.97345041719164,1385.9837394814565,20,1,1.1704511663540162,5
20.615351202863287,1405.1032728078549,19,0,1.2038057217875409,5
29.766978926644146,1329.7111169479977,20,1,1.4440543000625627,5
14.730761792294713,960.2128237384493,28,0,1.8635459864165078,5
28.22848800038657,1039.3336946738432,14,0,0.5021082072827363,5
29.890777737472085,1486.7825355075552,13,1,1.6283867133871994,5
22.8775040320925,1215.2107533276278,20,1,0.964052250850056,5
21.869657554185263,1274.2721297185792,27,1,1.889214774650258,5
9.183925805919525,1150.2516123508924,18,0,1.4245580311944375,5
21.21597391922039,992.7017494163022,28,0,1.3082866209707507,5
19.982552903485946,925.5492072024687,21,1,0.9648267842939471,5
21.694014790078825,1386.1569558391054,23,1,0.1363752491939897,5
24.477564659894668,1226.788197606831,20,0,1.692494452478421,5
25.07027337061251,1472.6441028501772,12,1,1.0281417020538202,5
15.047179997268252,907.5837299909432,14,0,0.6263237962193596,5
28.032687805324386,1208.2335629939682,17,1,0.774356855666319,5
6.299733799442687,822.220635761092,17,1,0.2606742183847519,5
20.17117388850348,1416.6811039477602,25,1,1.3521862792512416,5
10.280795786823276,1404.0977819512104,24,1,0.47364181141062156,5
23.435652144266932,1000.5636842489861,18,0,0.4810506579060063,5
10.405675228194493,1283.8482665705783,32,0,0.9835180833002124,5
26.184698264284343,843.6758480187941,29,1,0.22733142172729895,5
29.383578336976765,1371.8817350902857,19,1,0.6814977806932971,5
18.79692841052964,1352.58659533951,16,1,0.4194244439586621,5
16.873774131593706,838.6557645201199,33,1,0.24216028987044877,5
15.961417881264454,1170.9168827619683,14,1,0.4154414649214355,5
7.860787965308964,806.0943029437805,32,1,0.49381866022856846,5
20.764523539577308,953.7947532739803,33,1,1.6705748564547285,5
14.13989252509917,1047.5876806065137,22,1,1.9532092265781997,5
9.252885432732036,1428.7666447672646,27,1,0.24531191544869485,5
29.66822753752122,989.9561744773074,31,1,1.675697044838943,5
22.666888341942496,1232.0531641145305,39,0,1.0091426208863277,5
24.513900672180345,1012.5367567006882,33,0,0.10596772149143202,5
9.356085041134488,1412.783937585284,10,0,1.9700455485454245,5
14.892699089344815,1300.6305183461689,30,1,0.7912383181677736,5
9.768149689772367,1042.9436579495764,27,0,1.984368473860574,5
21.60504282679464,939.4721680858198,24,0,0.34007731449757017,5
19.063880031826184,1335.6122301717364,17,1,0.13006402679395956,5
18.069003539046747,1129.6071493562238,18,0,1.1631998234841496,5
22.175978764562014,1260.6578093244332,34,0,1.6194640358755672,5
8.08081439290812,1288.971437646396,36,0,1.076316395695536,5
27.582450359392762,1422.9186085314404,26,0,1.0692819228670143,5
23.40599525334583,1159.0279388631666,23,0,0.8652740831425098,5
29.25588361037192,1452.6259307602143,22,1,0.6308901799345368,5
8.29133971983146,1398.2924150652384,30,1,1.7230954990949379,5
17.269125167809012,1084.589748665673,25,1,1.247316866826528,5
19.415350178242946,1191.1361612370783,39,0,1.5927218967053418,5
11.319961100394325,1457.2264720288927,36,1,1.1578913307635572,5
26.12802128740087,1357.1484710004515,39,1,1.3782527673836868,5
10.512606585891177,952.7452741865205,35,1,0.5743710102064373,5
11.58118366295028,800.4573735329097,19,1,0.20167747953478227,5
14.413257194732457,962.4390177908092,13,0,1.1532412012466553,5
9.98763287324021,1005.7643707118283,17,1,1.90215559211457,5
28.61664330427738,1226.9590910172362,36,1,1.593044026389909,5
19.748697070045218,804.504648047757,37,0,1.4347278490180908,5
20.38134133206035,1332.2970181777303,26,1,1.9991596361758333,5
24.236222352051175,1078.505992112199,39,1,0.4243458902937124,5
5.761592157724003,943.1138607249911,32,0,1.0701034391731639,5
20.378228513529997,1437.4240020500952,19,1,1.052423724788886,5
6.256075245574554,824.4380868593566,10,0,0.9325393651718545,5
25.979509874507464,912.4757092982916,12,0,0.953173659067239,5
10.936963918806438,834.7300613371863,10,0,0.3120266999187702,5
20.207987500194292,996.7348251168224,39,1,0.8215278935467031,5
25.036144405573843,1074.465503833201,20,0,0.3384239639183863,5
24.319285491626978,965.853327434654,38,0,1.1749849541978932,5
28.228617930292184,1071.1257625827197,27,1,0.13639542254738052,5
25.671464024318826,1167.3149463630025,18,0,0.5454086400218779,5
13.627093637830843,821.0727105479233,28,1,1.3689490227315455,5
28.330127193982655,985.8474852003507,26,1,1.3891499397560119,5
12.938742506439711,1393.676464510941,32,0,1.7812247236224081,5
23.476674398484313,994.2252758074678,20,1,1.930384608847472,5
5.257112398392301,1301.234981269501,18,1,1.283110127804615,5
29.752721152171645,1018.3156050346076,12,1,0.24998486559845554,5
16.06995341359344,982.7339683643936,27,1,1.6856864014856925,5
28.38711283818739,930.0131504036299,25,1,1.8643980680192487,5
6.545211517230566,864.652369677965,25,1,1.2309043848410621,5
8.761806775149937,1477.6534670155133,34,0,1.052884124665316,5
11.166465395135162,1129.6721767043134,19,0,1.5272365602126812,5
23.846702067747824,1204.5237788858617,12,1,1.6530749098816078,5
23.926202867465637,838.9238651763225,24,0,0.5036498266713986,5
21.588089847836308,1087.838242217782,11,0,1.780715087636266,5
27.38907120329597,1436.4226848375101,32,1,1.4130060442045973,5
11.790829531859242,933.4268831521149,39,0,0.7500044796408286,5
15.748940494495542,1381.6644197385478,31,0,1.496359110050299,5
18.286372854732633,1001.5617398731947,24,1,0.669889932576343,5
19.90204888095765,1103.690745998671,30,1,0.3215078416558238,5
18.667392051803255,1431.6891233002725,25,1,1.4927002037229842,5
21.466533873494175,1452.0884400166367,37,0,1.1765499919203797,5
21.425762455852684,1428.8705266088245,27,1,0.7209099411297769,5
5.270277090879908,1378.585751934025,38,1,0.29846358439028764,5
19.421434528317505,1124.7871887168212,33,0,1.9630796314153747,5
10.367397186583887,847.0639260633928,25,1,1.503846686552762,5
5.8110861511796745,1261.1023471089156,37,1,0.29620351686259194,5
9.313096923659051,1197.5820081212564,38,0,1.6556064360196965,5
29.589180162841576,981.7695872652898,35,0,0.5561344069263763,5
8.607730018040076,880.9909227262115,34,1,1.0948143219207604,5
10.456496817343236,1492.602236045742,10,0,0.36198201177641975,5
22.219063520284134,1428.4204965568078,24,0,0.24523573597495057,5
27.397104529816488,1355.7505701019754,39,0,0.19839318859235205,5
18.932764382857712,909.2250679379838,15,0,0.7808358476761801,5
27.822311118414383,1195.981720498704,23,0,0.36523784798362013,5
19.411810938943848,1333.3185283037108,22,0,0.6239390684384344,5
10.106168972804188,811.7294131446677,14,1,0.24547969102372408,5
15.519030044148145,1221.1775148128072,24,0,0.6924240602159604,5
11.244304061162994,1257.912108000269,27,1,0.7310085882854367,5
28.202545887744662,1391.403629242743,16,1,0.554370836325594,5
17.807508672177015,1341.5004712115042,24,1,1.4173367920959428,5
21.205897434552423,962.0360671390918,12,1,1.8863480633789569,5
6.169646124294212,1023.7564387044438,38,0,1.8085946819569103,5
29.056536165228916,1110.8806725474326,13,0,1.1101559451525178,5
18.444573368534414,994.6696605464494,24,0,0.6472101572556781,5
18.908200181426984,820.4086302154623,25,1,0.3969390481445748,5
10.502216921784663,1162.7933235133523,11,0,0.2818852040143549,5
12.942367438679055,1478.0722239020502,18,0,0.5188474080662959,5
27.154544303233628,1454.012879917243,28,0,1.3072872780376288,5
20.74551636086769,1082.2474432286758,19,1,1.1094586348667708,5
21.935951780707363,1099.920532694157,37,1,1.6664958834486432,5
8.660906415070404,1383.0508009019595,15,1,1.7048652272714262,5
15.782542658525365,1065.3283397681246,32,1,0.5772216083419625,5
26.105308132153578,1138.814400756583,18,0,1.8130077100454285,5
10.38011199332982,1419.0486053190275,12,1,0.1121201824725223,5
29.458869676421415,1476.0230468738232,13,0,1.4839046232453275,5
13.645152460260624,1269.7652099601833,15,0,1.8988368649152574,5
15.0053068962418,1348.3085880692333,20,0,1.981631377207932,5
5.644239969108779,1222.4701645507846,32,1,1.407286558440845,5
8.009689469727226,1456.9708484311914,32,1,1.283231466155698,5
10.566901978077123,1015.0514919148897,32,1,1.5749519072803009,5
8.262531602929606,1195.7939773254197,24,0,1.6147010378996494,5
23.10581369029873,1283.2840053377504,39,0,1.6294310877585836,5
6.309782389871531,911.737431002517,25,1,0.24593413803163444,5
10.87485693836729,1381.1056880985427,31,0,0.6787444759709619,5
11.612895099720955,995.9248565724988,11,1,0.1682673461533487,5
28.172908658277702,949.5886990992299,25,0,0.11840507720783872,5
26.44887727287643,1311.810141118442,25,1,1.5850694104731582,5
12.842662801301632,973.5113511098965,19,1,0.7918142725199488,5
19.15537539381541,804.3802297185291,35,0,1.1171990882451373,5
19.151791161204127,1326.0170611215406,24,0,1.14475026927479,5
6.264327595605721,1098.2848665665615,39,0,1.6307327301903496,5
10.607963971338156,958.2553497073939,30,1,1.8677569983217184,5
7.384023031825089,1115.0410475983576,38,0,1.7543080653691348,5
7.088122867000469,947.7881597906262,19,0,0.1974583130643096,5
17.31338451785723,1109.474924275804,12,0,0.8496873991059551,5
18.248514673255823,912.9571508718682,19,0,1.630321425669974,5
24.004023244753977,907.7299332856416,29,0,0.6095312987153353,5
14.02686815852593,1085.9189069859378,25,1,0.20769282111508727,5
5.86681760565166,1074.3373940607362,32,1,0.46752715161731684,5
21.037612031406294,981.8796965582096,31,1,1.8018108941065714,5
12.432180107033162,960.9956277742683,28,1,0.5570100118422826,5
21.80959608229259,1378.2452791838,18,1,1.666265849773764,5
14.924804055186854,909.4218794962026,39,0,0.7849015597689524,5
